{"cameraMode":{"drawMode":0,"name":"Shaded","section":"Shading Mode"},"sceneLighting":true,"audioPlay":false,"sceneViewState":{"showFog":true,"showMaterialUpdate":false,"showSkybox":true,"showFlares":true,"showImageEffects":true,"showParticleSystems":true},"in2DMode":false,"pivot":{"x":-3.190000057220459,"y":0.5199999809265137,"z":-3.7200000286102297},"rotation":{"x":0.06175120919942856,"y":0.02485266886651516,"z":-0.00153805420268327,"w":0.9977809190750122},"size":2.3633909225463869,"orthographic":false}